--
-- PostgreSQL database dump
--

\restrict HInITxhlmhmwhCcK0P1xZgWfaQW9YR4dUpoHP0IKHhkYElQoztjCN0SkU9au4cB

-- Dumped from database version 16.11 (Ubuntu 16.11-0ubuntu0.24.04.1)
-- Dumped by pg_dump version 16.11 (Ubuntu 16.11-0ubuntu0.24.04.1)

SET statement_timeout = 0;
SET lock_timeout = 0;
SET idle_in_transaction_session_timeout = 0;
SET client_encoding = 'UTF8';
SET standard_conforming_strings = on;
SELECT pg_catalog.set_config('search_path', '', false);
SET check_function_bodies = false;
SET xmloption = content;
SET client_min_messages = warning;
SET row_security = off;

--
-- Name: users_role_enum; Type: TYPE; Schema: public; Owner: myuser
--

CREATE TYPE public.users_role_enum AS ENUM (
    'superAdmin',
    'admin'
);


ALTER TYPE public.users_role_enum OWNER TO myuser;

SET default_tablespace = '';

SET default_table_access_method = heap;

--
-- Name: brands; Type: TABLE; Schema: public; Owner: myuser
--

CREATE TABLE public.brands (
    id integer NOT NULL,
    name character varying(255) NOT NULL,
    "nameRu" character varying(255),
    "nameEn" character varying(255),
    images text[] DEFAULT '{}'::text[] NOT NULL,
    "categoryId" integer,
    "createdAt" timestamp without time zone DEFAULT now() NOT NULL,
    "updatedAt" timestamp without time zone DEFAULT now() NOT NULL
);


ALTER TABLE public.brands OWNER TO myuser;

--
-- Name: brands_id_seq; Type: SEQUENCE; Schema: public; Owner: myuser
--

CREATE SEQUENCE public.brands_id_seq
    AS integer
    START WITH 1
    INCREMENT BY 1
    NO MINVALUE
    NO MAXVALUE
    CACHE 1;


ALTER SEQUENCE public.brands_id_seq OWNER TO myuser;

--
-- Name: brands_id_seq; Type: SEQUENCE OWNED BY; Schema: public; Owner: myuser
--

ALTER SEQUENCE public.brands_id_seq OWNED BY public.brands.id;


--
-- Name: categories; Type: TABLE; Schema: public; Owner: myuser
--

CREATE TABLE public.categories (
    id integer NOT NULL,
    "nameRu" character varying(255) NOT NULL,
    "nameEn" character varying(255),
    "descriptionRu" text,
    "descriptionEn" text,
    images text[] DEFAULT '{}'::text[] NOT NULL,
    "createdAt" timestamp without time zone DEFAULT now() NOT NULL,
    "updatedAt" timestamp without time zone DEFAULT now() NOT NULL
);


ALTER TABLE public.categories OWNER TO myuser;

--
-- Name: categories_id_seq; Type: SEQUENCE; Schema: public; Owner: myuser
--

CREATE SEQUENCE public.categories_id_seq
    AS integer
    START WITH 1
    INCREMENT BY 1
    NO MINVALUE
    NO MAXVALUE
    CACHE 1;


ALTER SEQUENCE public.categories_id_seq OWNER TO myuser;

--
-- Name: categories_id_seq; Type: SEQUENCE OWNED BY; Schema: public; Owner: myuser
--

ALTER SEQUENCE public.categories_id_seq OWNED BY public.categories.id;


--
-- Name: products; Type: TABLE; Schema: public; Owner: myuser
--

CREATE TABLE public.products (
    id integer NOT NULL,
    "nameRu" character varying(255) NOT NULL,
    "nameEn" character varying(255),
    "descriptionRu" text,
    "descriptionEn" text,
    images text[] DEFAULT '{}'::text[] NOT NULL,
    "brandId" integer,
    "createdAt" timestamp without time zone DEFAULT now() NOT NULL,
    "updatedAt" timestamp without time zone DEFAULT now() NOT NULL,
    flash text[],
    temperature text[],
    base text[],
    sae text[],
    density text[],
    kinematic_one text[],
    kinematic_two text[],
    "viscosityIndex" text[],
    specification text[]
);


ALTER TABLE public.products OWNER TO myuser;

--
-- Name: products_id_seq; Type: SEQUENCE; Schema: public; Owner: myuser
--

CREATE SEQUENCE public.products_id_seq
    AS integer
    START WITH 1
    INCREMENT BY 1
    NO MINVALUE
    NO MAXVALUE
    CACHE 1;


ALTER SEQUENCE public.products_id_seq OWNER TO myuser;

--
-- Name: products_id_seq; Type: SEQUENCE OWNED BY; Schema: public; Owner: myuser
--

ALTER SEQUENCE public.products_id_seq OWNED BY public.products.id;


--
-- Name: users; Type: TABLE; Schema: public; Owner: myuser
--

CREATE TABLE public.users (
    id integer NOT NULL,
    login character varying(255) NOT NULL,
    password character varying(255) NOT NULL,
    name character varying(255),
    email character varying(255),
    role public.users_role_enum DEFAULT 'admin'::public.users_role_enum NOT NULL,
    "createdAt" timestamp without time zone DEFAULT now() NOT NULL,
    "updatedAt" timestamp without time zone DEFAULT now() NOT NULL
);


ALTER TABLE public.users OWNER TO myuser;

--
-- Name: users_id_seq; Type: SEQUENCE; Schema: public; Owner: myuser
--

CREATE SEQUENCE public.users_id_seq
    AS integer
    START WITH 1
    INCREMENT BY 1
    NO MINVALUE
    NO MAXVALUE
    CACHE 1;


ALTER SEQUENCE public.users_id_seq OWNER TO myuser;

--
-- Name: users_id_seq; Type: SEQUENCE OWNED BY; Schema: public; Owner: myuser
--

ALTER SEQUENCE public.users_id_seq OWNED BY public.users.id;


--
-- Name: brands id; Type: DEFAULT; Schema: public; Owner: myuser
--

ALTER TABLE ONLY public.brands ALTER COLUMN id SET DEFAULT nextval('public.brands_id_seq'::regclass);


--
-- Name: categories id; Type: DEFAULT; Schema: public; Owner: myuser
--

ALTER TABLE ONLY public.categories ALTER COLUMN id SET DEFAULT nextval('public.categories_id_seq'::regclass);


--
-- Name: products id; Type: DEFAULT; Schema: public; Owner: myuser
--

ALTER TABLE ONLY public.products ALTER COLUMN id SET DEFAULT nextval('public.products_id_seq'::regclass);


--
-- Name: users id; Type: DEFAULT; Schema: public; Owner: myuser
--

ALTER TABLE ONLY public.users ALTER COLUMN id SET DEFAULT nextval('public.users_id_seq'::regclass);


--
-- Data for Name: brands; Type: TABLE DATA; Schema: public; Owner: myuser
--

COPY public.brands (id, name, "nameRu", "nameEn", images, "categoryId", "createdAt", "updatedAt") FROM stdin;
10	WINNER	ВИННЕР	WINNER	{https://backend.gpggroup.uz//1765777746061-943398349.svg}	6	2025-12-15 05:49:06.063123	2025-12-15 05:49:06.063123
11	COOLCLIMATENEW	COOLCLIMATENEW	COOLCLIMATENEW	{https://backend.gpggroup.uz//1765777900406-459650186.svg}	6	2025-12-15 05:51:40.406673	2025-12-15 05:51:40.406673
12	ATLANT	ATLANT	ATLANT	{https://backend.gpggroup.uz//1765777935454-601608517.svg}	6	2025-12-15 05:52:15.454633	2025-12-15 05:52:15.454633
13	YUMIKO	YUMIKO	YUMIKO	{https://backend.gpggroup.uz//1765777979405-121668788.svg}	6	2025-12-15 05:52:59.406756	2025-12-15 05:52:59.406756
14	CRYSTAL ANTIFREEZES	CRYSTAL ANTIFREEZES	CRYSTAL ANTIFREEZES	{https://backend.gpggroup.uz//1765778001845-61430542.svg}	6	2025-12-15 05:53:21.846121	2025-12-15 05:53:21.846121
17	BRAKE MASTER	BRAKE MASTER	BRAKE MASTER	{https://backend.gpggroup.uz//1765778587884-596352454.svg}	9	2025-12-15 06:03:07.885439	2025-12-15 06:03:07.885439
18	CRYSTAL CLEAN	CRYSTAL CLEAN	CRYSTAL CLEAN	{https://backend.gpggroup.uz//1765778698283-915588942.svg}	12	2025-12-15 06:04:58.28381	2025-12-15 06:04:58.28381
19	THERMO	THERMO	THERMO	{https://backend.gpggroup.uz//1765778728888-178197183.svg}	13	2025-12-15 06:05:28.889227	2025-12-15 06:05:28.889227
21	ATLANT	ATLANT	ATLANT	{https://backend.gpggroup.uz//1765780014411-675329200.svg}	7	2025-12-15 06:26:54.414895	2025-12-15 06:26:54.414895
22	ATLANT	ATLANT	ATLANT	{https://backend.gpggroup.uz//1765780046471-940808503.svg}	10	2025-12-15 06:27:26.47234	2025-12-15 06:27:26.47234
23	ATLANT	ATLANT	ATLANT	{https://backend.gpggroup.uz//1765780078372-572430779.svg}	11	2025-12-15 06:27:58.373437	2025-12-15 06:27:58.373437
24	ATLANT	ATLANT	ATLANT	{https://backend.gpggroup.uz//1765780224435-459838876.svg}	8	2025-12-15 06:30:24.436265	2025-12-15 06:30:24.436265
25	KITAMI	KITAMI	KITAMI	{https://backend.gpggroup.uz/1767070380889-711480275.webp}	6	2025-12-30 04:53:00.890463	2025-12-30 04:53:00.890463
\.


--
-- Data for Name: categories; Type: TABLE DATA; Schema: public; Owner: myuser
--

COPY public.categories (id, "nameRu", "nameEn", "descriptionRu", "descriptionEn", images, "createdAt", "updatedAt") FROM stdin;
6	Антифриз	Antifreeze	Описание категории	Category description	{https://backend.gpggroup.uz//1766124838965-653186761.webp}	2025-12-15 04:56:45.417083	2025-12-19 06:13:58.968127
7	Моторные масла для легковой и легкой коммерческой техники	Motor oils for passenger cars and light commercial vehicles	Описание категории	Category description	{https://backend.gpggroup.uz//1766126777395-804223961.webp}	2025-12-15 04:58:15.226504	2025-12-19 06:46:17.397196
8	Моторные масла для дизельных двигателей	Motor oils for diesel engines	Описание категории	Category description	{https://backend.gpggroup.uz//1766137881250-27915949.webp}	2025-12-15 05:00:11.020607	2025-12-19 09:51:21.252709
11	Гидравлические масла	Hydraulic oils	Описание категории	Category description	{https://backend.gpggroup.uz//1766570506298-316666711.webp}	2025-12-15 05:05:10.023848	2025-12-24 10:01:46.300467
10	Трансмиссионные масла	Transmission oils	Описание категории	Category description	{https://backend.gpggroup.uz//1766570543993-79882827.webp}	2025-12-15 05:03:21.8718	2025-12-24 10:02:23.995582
12	Стеклоомыватели	Window washers	Описание категории	Category description	{https://backend.gpggroup.uz//1766570582876-517298458.webp}	2025-12-15 05:06:46.7776	2025-12-24 10:03:02.879382
13	Теплоносители	Coolers	Описание категории	Category description	{https://backend.gpggroup.uz//1766570609689-163109565.webp}	2025-12-15 05:08:20.467716	2025-12-24 10:03:29.691201
9	Тормозная жидкость	Brake fluid	Описание категории	Category description	{https://backend.gpggroup.uz//1766657212167-608267692.webp}	2025-12-15 05:01:56.920996	2025-12-25 10:06:52.170493
\.


--
-- Data for Name: products; Type: TABLE DATA; Schema: public; Owner: myuser
--

COPY public.products (id, "nameRu", "nameEn", "descriptionRu", "descriptionEn", images, "brandId", "createdAt", "updatedAt", flash, temperature, base, sae, density, kinematic_one, kinematic_two, "viscosityIndex", specification) FROM stdin;
3	WINNER Yellow 5kg	WINNER Yellow 5kg	Жидкость охлаждающая низкозамерзающая. Разработан для использования в системе охлаждения автомобилей с бензиновым и дизельным двигателем, отечественного и зарубежного производства, работающих при низких и высоких температурах. Изготовлен на основе моноэтиленгликоля высшего сорта с применением новейшего пакета антивспениваемых, антикоррозионных и других присадок. Надежно защищает детали системы охлаждения, сделанные из алюминия и других металлов, от коррозии и других неблагоприятных воздействий. Эффективное смазывающее свойство дает возможность, увеличить ресурс работы двигателя, помпы, радиатора и термостата. Применять в соответствии с инструкцией по эксплуатации автомобиля и теплообменных агрегатов. Не содержит аминов и нитритов. Рабочий диапазон температур в охлаждающей системе от -40°С до +130°С.	Low freezing cooling liquid. Applied in accordance with instructions for use of the vehicle and heat exchange units. Operating temperature in the cooling system from -40°C to +130°C. Composition: aqueous solution of ethylene glycol, the original additives, food coloring. Store in a location protected from direct sunlight and precipitation.	{https://backend.gpggroup.uz//1765793949216-998608349.webp,https://backend.gpggroup.uz//1765793949216-175944680.webp,https://backend.gpggroup.uz//1765793949216-608000551.webp}	10	2025-12-15 10:19:09.218535	2025-12-15 10:19:09.218535	\N	\N	\N	\N	\N	\N	\N	\N	\N
5	WINNER Red 5kg	WINNER Red 5kg	Жидкость охлаждающая низкозамерзающая. Разработан для использования в системе охлаждения автомобилей с бензиновым и дизельным двигателем, отечественного и зарубежного производства, работающих при низких и высоких температурах. Изготовлен на основе моноэтиленгликоля высшего сорта с применением новейшего пакета антивспениваемых, антикоррозионных и других присадок. Надежно защищает детали системы охлаждения, сделанные из алюминия и других металлов, от коррозии и других неблагоприятных воздействий. Эффективное смазывающее свойство дает возможность, увеличить ресурс работы двигателя, помпы, радиатора и термостата. Применять в соответствии с инструкцией по эксплуатации автомобиля и теплообменных агрегатов. Не содержит аминов и нитритов. Рабочий диапазон температур в охлаждающей системе от -40°С до +130°С.	Low freezing cooling liquid. Applied in accordance with instructions for use of the vehicle and heat exchange units. Operating temperature in the cooling system from -40°C to +130°C. Composition: aqueous solution of ethylene glycol, the original additives, food coloring. Store in a location protected from direct sunlight and precipitation.	{https://backend.gpggroup.uz//1765796503973-917381085.webp,https://backend.gpggroup.uz//1765796503974-852342169.webp,https://backend.gpggroup.uz//1765796503974-72860972.webp}	10	2025-12-15 11:01:43.976417	2025-12-15 11:01:43.976417	\N	\N	\N	\N	\N	\N	\N	\N	\N
6	WINNER Pink 5kg	WINNER Pink 5kg	Жидкость охлаждающая низкозамерзающая. Разработан для использования в системе охлаждения автомобилей с бензиновым и дизельным двигателем, отечественного и зарубежного производства, работающих при низких и высоких температурах. Изготовлен на основе моноэтиленгликоля высшего сорта с применением новейшего пакета антивспениваемых, антикоррозионных и других присадок. Надежно защищает детали системы охлаждения, сделанные из алюминия и других металлов, от коррозии и других неблагоприятных воздействий. Эффективное смазывающее свойство дает возможность, увеличить ресурс работы двигателя, помпы, радиатора и термостата. Применять в соответствии с инструкцией по эксплуатации автомобиля и теплообменных агрегатов. Не содержит аминов и нитритов. Рабочий диапазон температур в охлаждающей системе от -40°С до +130°С.	Low freezing cooling liquid. Applied in accordance with instructions for use of the vehicle and heat exchange units. Operating temperature in the cooling system from -40°C to +130°C. Composition: aqueous solution of ethylene glycol, the original additives, food coloring. Store in a location protected from direct sunlight and precipitation.\r\n	{https://backend.gpggroup.uz/1767680199326-383833235.jpg,https://backend.gpggroup.uz/1767680199326-38327363.jpg,https://backend.gpggroup.uz/1767680199326-164884598.jpg}	10	2025-12-15 11:03:25.642247	2026-01-06 06:16:39.328659	\N	\N	\N	\N	\N	\N	\N	\N	\N
80	Kitami Red 5kg	Kitami Red 5kg 	Специально предназначен для использования в системах охлаждения бензиновых и дизельных двигателей, а также теплообменных агрегатов, служащих рабочим жидкостью как при низких, так и при высоких температурных условиях. На основе высококачественного моноэтиленгликоля с комплексом функциональных добавок. Не содержит нитритов и аминов. Не повреждает резиновые компоненты и герметизирующие элементы системы охлаждения. Надежно защищает от кавитации, коррозии и других неблагоприятных воздействий в системе охлаждения. Использовать в соответствии с инструкцией к двигателям и теплообменным агрегатам.	Specifically designed for use in the cooling systems of gasoline and diesel engines, as well as heat-exchange units, serving as a working fluid under both low and high temperature conditions. Based on high-quality monoethylene glycol with a set of functional additives. Does not contain nitrites or amines. Does not damage rubber components or sealing elements of the cooling system. Reliably protects against cavitation, corrosion, and other adverse effects within the cooling system. To be used in accordance with the instruction manuals for engines and heat-exchange units.	{https://backend.gpggroup.uz/1767071044173-244245310.webp,https://backend.gpggroup.uz/1767071044174-370629038.webp,https://backend.gpggroup.uz/1767071044174-215298082.webp}	25	2025-12-30 05:04:04.174867	2025-12-30 05:04:04.174867	\N	\N	\N	\N	\N	\N	\N	\N	\N
4	WINNER Tosol 5kg	WINNER Tosol 5kg	Жидкость охлаждающая низкозамерзающая. Разработан для использования в системе охлаждения автомобилей с бензиновым и дизельным двигателем, отечественного и зарубежного производства, работающих при низких и высоких температурах. Изготовлен на основе моноэтиленгликоля высшего сорта с применением новейшего пакета антивспениваемых, антикоррозионных и других присадок. Надежно защищает детали системы охлаждения, сделанные из алюминия и других металлов, от коррозии и других неблагоприятных воздействий. Эффективное смазывающее свойство дает возможность, увеличить ресурс работы двигателя, помпы, радиатора и термостата. Применять в соответствии с инструкцией по эксплуатации автомобиля и теплообменных агрегатов. Не содержит аминов и нитритов. Рабочий диапазон температур в охлаждающей системе от -40°С до +130°С.	Low freezing cooling liquid. Applied in accordance with instructions for use of the vehicle and heat exchange units. Operating temperature in the cooling system from -40°C to +130°C. Composition: aqueous solution of ethylene glycol, the original additives, food coloring. Store in a location protected from direct sunlight and precipitation.	{https://backend.gpggroup.uz//1765794035204-296332858.webp,https://backend.gpggroup.uz//1765794035204-210054036.webp,https://backend.gpggroup.uz//1765794035204-707156753.webp}	10	2025-12-15 10:20:35.20517	2025-12-15 10:20:35.20517	\N	\N	\N	\N	\N	\N	\N	\N	\N
81	Kitami Blue 5kg	Kitami Blue 5kg 	Специально разработан для использования в системах охлаждения бензиновых и дизельных двигателей, а также теплообменных агрегатов, работающих при низких и высоких температурах. Формулируется с использованием высококачественного моноэтиленгликоля с комплексом функциональных добавок. Не содержит нитритов и аминов. Не повреждает резиновые компоненты и герметизирующие элементы системы охлаждения. Надежно защищает от кавитации, коррозии и других неблагоприятных воздействий в системе охлаждения. Использовать в соответствии с инструкцией по эксплуатации двигателей и теплообменных агрегатов.	Specifically designed for use in the cooling systems of gasoline and diesel engines, as well as heat-exchange units operating at low and high temperatures. Formulated using high-quality monoethylene glycol with a set of functional additives. Does not contain nitrites or amines. Does not damage rubber components or sealing elements of the cooling system. Reliably protects against cavitation, corrosion, and other adverse effects within the cooling system. To be used in accordance with the operating instructions for engines and heat-exchange units.	{https://backend.gpggroup.uz/1767071131286-740258577.webp,https://backend.gpggroup.uz/1767071131286-11472121.webp,https://backend.gpggroup.uz/1767071131286-122955754.webp}	25	2025-12-30 05:05:31.286906	2025-12-30 05:05:31.286906	\N	\N	\N	\N	\N	\N	\N	\N	\N
82	Kitami Green 5kg	Kitami Green 5kg 	Специально предназначен для использования в системах охлаждения бензиновых и дизельных двигателей, а также теплообменных агрегатов, работающих в качестве рабочего тела при низких и высоких температурах. На основе высококачественного моноэтиленгликоля с комплексом функциональных добавок. Не содержит нитритов и аминов. Не повреждает резиновые компоненты и герметизирующие элементы системы охлаждения. Надежно защищает от кавитации, коррозии и других неблагоприятных воздействий в системе охлаждения. Использовать в соответствии с инструкцией к двигателям и теплообменным агрегатам.	Specifically designed for use in the cooling systems of gasoline and diesel engines, as well as heat-exchange units operating as a working fluid at low and high temperatures. Based on high-quality monoethylene glycol with a set of functional additives. Does not contain nitrites or amines. Does not damage rubber components or sealing elements of the cooling system. Reliably protects against cavitation, corrosion, and other adverse effects within the cooling system. To be used in accordance with the instruction manuals for engines and heat-exchange units.	{https://backend.gpggroup.uz/1767071232386-652799190.webp,https://backend.gpggroup.uz/1767071232386-323018297.webp,https://backend.gpggroup.uz/1767071232386-439165774.webp}	25	2025-12-30 05:07:12.386915	2025-12-30 05:07:12.386915	\N	\N	\N	\N	\N	\N	\N	\N	\N
83	Kitami Yellow 5kg	Kitami Yellow 5kg 	Специально разработан для использования в системах охлаждения бензиновых и дизельных двигателей, а также теплообменных агрегатов, работающих как при низких, так и при высоких температурах. Производится с использованием высококачественного моноэтиленгликоля с сбалансированным пакетом функциональных добавок. Не содержит нитритов и аминов. Безопасно для резиновых компонентов, шлангов и уплотнительных элементов системы охлаждения. Обеспечивает надежную защиту от кавитации, коррозии и других вредных воздействий в системе охлаждения. Использовать в соответствии с инструкцией по эксплуатации двигателей и теплообменных агрегатов.	Specifically designed for use in the cooling systems of gasoline and diesel engines, as well as heat-exchange units operating at both low and high temperatures. Manufactured using high-quality monoethylene glycol with a balanced package of functional additives. Does not contain nitrites or amines. Safe for rubber components, hoses, and sealing elements of the cooling system. Provides reliable protection against cavitation, corrosion, and other harmful effects within the cooling system. To be used in accordance with the operating instructions for engines and heat-exchange units.	{https://backend.gpggroup.uz/1767071336374-331133447.webp,https://backend.gpggroup.uz/1767071336374-504697883.webp,https://backend.gpggroup.uz/1767071336375-108190156.webp}	25	2025-12-30 05:08:56.377124	2025-12-30 05:08:56.377124	\N	\N	\N	\N	\N	\N	\N	\N	\N
8	Cool Climate Yellow 5kg	Cool Climate Yellow 5kg	Разработан специально для исполь­зования в системе охлаждения бензиновых и дизельных двигателей, а также в теплообменных агрегатах в качестве рабочей жидкости, работающих при низких и высоких температурах. Показатель рефрактометра - 40° C, +110°С температура кипения. Создан на основе моноэтиленгликоля высшего сорта с применением пакета многофункциональных присадок. Не содержит нитритов и аминов. Не повреждает резиновые части и уплотнители системы охлаждения. Надежно защищает от кавитации и предотвращает появление коррозии, отложений и других негативных последствий в системе охлаждения. Применять в соответствии с инструкцией по эксплуатации автомобиля и теплообменных агрегатов.	Specifically designed for use in the cooling system of gasoline and diesel engines, as well as heat exchange units as the working fluid operating at low and high temperatures. Refractometer index - 40° C, +110 ° C boiling point . Based on the high quality monoethylene glycol using a set of functional additives . Does not contan nitrites and amines. Does not damage rubber parts and sealing of the cooling system . Reliably protects against cavitation and prevents corrosion, and other adverse effects in the cooling system . Used in accordance with the instruction manual and heat exchange units. Ingredients:high quality of mono ethylene glycol, demineralized water , multifunctional complex additives , anticavitational and antifoam additives, coloring agents.\r\n	{https://backend.gpggroup.uz//1765949669377-808108371.webp,https://backend.gpggroup.uz//1765949669378-10208992.webp,https://backend.gpggroup.uz//1765949669378-772635584.webp}	11	2025-12-17 05:34:29.37915	2025-12-17 05:34:29.37915	\N	\N	\N	\N	\N	\N	\N	\N	\N
9	Cool Climate Tosol 5kg	Cool Climate Tosol 5kg	Разработан специально для исполь­зования в системе охлаждения бензиновых и дизельных двигателей, а также в теплообменных агрегатах в качестве рабочей жидкости, работающих при низких и высоких температурах. Показатель рефрактометра - 40° C, +110°С температура кипения. Создан на основе моноэтиленгликоля высшего сорта с применением пакета многофункциональных присадок. Не содержит нитритов и аминов. Не повреждает резиновые части и уплотнители системы охлаждения. Надежно защищает от кавитации и предотвращает появление коррозии, отложений и других негативных последствий в системе охлаждения. Применять в соответствии с инструкцией по эксплуатации автомобиля и теплообменных агрегатов.\r\n	Specifically designed for use in the cooling system of gasoline and diesel engines, as well as heat exchange units as the working fluid operating at low and high temperatures. Refractometer index - 40° C, +110 ° C boiling point . Based on the high quality monoethylene glycol using a set of functional additives . Does not contan nitrites and amines. Does not damage rubber parts and sealing of the cooling system . Reliably protects against cavitation and prevents corrosion, and other adverse effects in the cooling system . Used in accordance with the instruction manual and heat exchange units. Ingredients:high quality of mono ethylene glycol, demineralized water , multifunctional complex additives , anticavitational and antifoam additives, coloring agents.\r\n	{https://backend.gpggroup.uz//1765949850825-380770156.webp,https://backend.gpggroup.uz//1765949850827-594949169.webp,https://backend.gpggroup.uz//1765949850827-790348792.webp}	11	2025-12-17 05:37:30.827886	2025-12-17 05:37:30.827886	\N	\N	\N	\N	\N	\N	\N	\N	\N
10	Cool Climate Red 5kg	Cool Climate Red 5kg	Разработан специально для исполь­зования в системе охлаждения бензиновых и дизельных двигателей, а также в теплообменных агрегатах в качестве рабочей жидкости, работающих при низких и высоких температурах. Показатель рефрактометра - 40° C, +110°С температура кипения. Создан на основе моноэтиленгликоля высшего сорта с применением пакета многофункциональных присадок. Не содержит нитритов и аминов. Не повреждает резиновые части и уплотнители системы охлаждения. Надежно защищает от кавитации и предотвращает появление коррозии, отложений и других негативных последствий в системе охлаждения. Применять в соответствии с инструкцией по эксплуатации автомобиля и теплообменных агрегатов.	Specifically designed for use in the cooling system of gasoline and diesel engines, as well as heat exchange units as the working fluid operating at low and high temperatures. Refractometer index - 40° C, +110 ° C boiling point . Based on the high quality monoethylene glycol using a set of functional additives . Does not contan nitrites and amines. Does not damage rubber parts and sealing of the cooling system . Reliably protects against cavitation and prevents corrosion, and other adverse effects in the cooling system . Used in accordance with the instruction manual and heat exchange units. Ingredients:high quality of mono ethylene glycol, demineralized water , multifunctional complex additives , anticavitational and antifoam additives, coloring agents.\r\n	{https://backend.gpggroup.uz//1765950051379-266289180.webp,https://backend.gpggroup.uz//1765950051379-833110476.webp,https://backend.gpggroup.uz//1765950051380-667766360.webp}	11	2025-12-17 05:40:51.380582	2025-12-17 05:40:51.380582	\N	\N	\N	\N	\N	\N	\N	\N	\N
11	Cool Climate Green 5kg	Cool Climate Green 5kg	Разработан специально для исполь­зования в системе охлаждения бензиновых и дизельных двигателей, а также в теплообменных агрегатах в качестве рабочей жидкости, работающих при низких и высоких температурах. Показатель рефрактометра - 40° C, +110°С температура кипения. Создан на основе моноэтиленгликоля высшего сорта с применением пакета многофункциональных присадок. Не содержит нитритов и аминов. Не повреждает резиновые части и уплотнители системы охлаждения. Надежно защищает от кавитации и предотвращает появление коррозии, отложений и других негативных последствий в системе охлаждения. Применять в соответствии с инструкцией по эксплуатации автомобиля и теплообменных агрегатов.	Specifically designed for use in the cooling system of gasoline and diesel engines, as well as heat exchange units as the working fluid operating at low and high temperatures. Refractometer index - 40° C, +110 ° C boiling point . Based on the high quality monoethylene glycol using a set of functional additives . Does not contan nitrites and amines. Does not damage rubber parts and sealing of the cooling system . Reliably protects against cavitation and prevents corrosion, and other adverse effects in the cooling system . Used in accordance with the instruction manual and heat exchange units. Ingredients:high quality of mono ethylene glycol, demineralized water , multifunctional complex additives , anticavitational and antifoam additives, coloring agents.\r\n	{https://backend.gpggroup.uz//1765950167508-261979247.webp,https://backend.gpggroup.uz//1765950167509-635041474.webp,https://backend.gpggroup.uz//1765950167510-133444520.webp}	11	2025-12-17 05:42:47.511144	2025-12-17 05:42:47.511144	\N	\N	\N	\N	\N	\N	\N	\N	\N
12	Cool Climate Blue 5kg	Cool Climate Blue 5kg	Разработан специально для исполь­зования в системе охлаждения бензиновых и дизельных двигателей, а также в теплообменных агрегатах в качестве рабочей жидкости, работающих при низких и высоких температурах. Показатель рефрактометра - 40° C, +110°С температура кипения. Создан на основе моноэтиленгликоля высшего сорта с применением пакета многофункциональных присадок. Не содержит нитритов и аминов. Не повреждает резиновые части и уплотнители системы охлаждения. Надежно защищает от кавитации и предотвращает появление коррозии, отложений и других негативных последствий в системе охлаждения. Применять в соответствии с инструкцией по эксплуатации автомобиля и теплообменных агрегатов.	Specifically designed for use in the cooling system of gasoline and diesel engines, as well as heat exchange units as the working fluid operating at low and high temperatures. Refractometer index - 40° C, +110 ° C boiling point . Based on the high quality monoethylene glycol using a set of functional additives . Does not contan nitrites and amines. Does not damage rubber parts and sealing of the cooling system . Reliably protects against cavitation and prevents corrosion, and other adverse effects in the cooling system . Used in accordance with the instruction manual and heat exchange units. Ingredients:high quality of mono ethylene glycol, demineralized water , multifunctional complex additives , anticavitational and antifoam additives, coloring agents.\r\n	{https://backend.gpggroup.uz//1765950308494-408291898.webp,https://backend.gpggroup.uz//1765950308495-985553160.webp,https://backend.gpggroup.uz//1765950308496-890731387.webp}	11	2025-12-17 05:45:08.496678	2025-12-17 05:45:08.496678	\N	\N	\N	\N	\N	\N	\N	\N	\N
17	ATLANT Blue 5kg	ATLANT Blue 5kg	Разработан специально для исполь­зования в системе охлаждения бензиновых и дизельных двигателей, а также в теплообменных агрегатах в качестве рабочей жидкости, работающих при низких и высоких температурах. Создан на основе моноэтиленгликоля высшего сорта с применением пакета многофункциональных присадок. Не содержит нитритов и аминов. Не повреждает резиновые части и уплотнители системы охлаждения. Надежно защищает от кавитации и предотвращает появление коррозии, отложений и других негативных последствий в системе охлаждения.	Specifically designed for use in the cooling system of gasoline and diesel engines, as well as heat exchange units as the working fluid operating at low and high temperatures. Based on the high quality monoethylene glycol using a set of functional additives . Does not contan nitrites and amines. Does not damage rubber parts and sealing of the cooling system . Reliably protects against cavitation and prevents corrosion, and other adverse effects in the cooling system . Used in accordance with the instruction manual and heat exchange units. Ingredients:high quality of mono ethylene glycol, demineralized water , multifunctional complex additives , anticavitational and antifoam additives, coloring agents.\r\n	{https://backend.gpggroup.uz//1765951348067-563293669.webp,https://backend.gpggroup.uz//1765951348068-832197013.webp,https://backend.gpggroup.uz//1765951348068-137198257.webp}	12	2025-12-17 06:02:28.068861	2025-12-17 06:02:28.068861	\N	\N	\N	\N	\N	\N	\N	\N	\N
13	ATLANT Yellow 5kg	ATLANT Yellow 5kg	Разработан специально для исполь­зования в системе охлаждения бензиновых и дизельных двигателей, а также в теплообменных агрегатах в качестве рабочей жидкости, работающих при низких и высоких температурах. Создан на основе моноэтиленгликоля высшего сорта с применением пакета многофункциональных присадок. Не содержит нитритов и аминов. Не повреждает резиновые части и уплотнители системы охлаждения. Надежно защищает от кавитации и предотвращает появление коррозии, отложений и других негативных последствий в системе охлаждения.	Specifically designed for use in the cooling system of gasoline and diesel engines, as well as heat exchange units as the working fluid operating at low and high temperatures. Based on the high quality monoethylene glycol using a set of functional additives . Does not contan nitrites and amines. Does not damage rubber parts and sealing of the cooling system . Reliably protects against cavitation and prevents corrosion, and other adverse effects in the cooling system . Used in accordance with the instruction manual and heat exchange units. Ingredients:high quality of mono ethylene glycol, demineralized water , multifunctional complex additives , anticavitational and antifoam additives, coloring agents.	{https://backend.gpggroup.uz//1765950670530-597123801.webp,https://backend.gpggroup.uz//1765950670530-124346338.webp,https://backend.gpggroup.uz//1765950670530-163365803.webp}	12	2025-12-17 05:51:10.531319	2025-12-17 05:51:10.531319	\N	\N	\N	\N	\N	\N	\N	\N	\N
14	ATLANT Tosol 5kg	ATLANT Tosol 5kg	Разработан специально для исполь­зования в системе охлаждения бензиновых и дизельных двигателей, а также в теплообменных агрегатах в качестве рабочей жидкости, работающих при низких и высоких температурах. Создан на основе моноэтиленгликоля высшего сорта с применением пакета многофункциональных присадок. Не содержит нитритов и аминов. Не повреждает резиновые части и уплотнители системы охлаждения. Надежно защищает от кавитации и предотвращает появление коррозии, отложений и других негативных последствий в системе охлаждения.	Specifically designed for use in the cooling system of gasoline and diesel engines, as well as heat exchange units as the working fluid operating at low and high temperatures. Based on the high quality monoethylene glycol using a set of functional additives . Does not contan nitrites and amines. Does not damage rubber parts and sealing of the cooling system . Reliably protects against cavitation and prevents corrosion, and other adverse effects in the cooling system . Used in accordance with the instruction manual and heat exchange units. Ingredients:high quality of mono ethylene glycol, demineralized water , multifunctional complex additives , anticavitational and antifoam additives, coloring agents.\r\n	{https://backend.gpggroup.uz//1765950874054-717464930.webp,https://backend.gpggroup.uz//1765950874055-558247669.webp,https://backend.gpggroup.uz//1765950874055-95118538.webp}	12	2025-12-17 05:54:34.056021	2025-12-17 05:54:34.056021	\N	\N	\N	\N	\N	\N	\N	\N	\N
22	YUMIKO Yellow 5kg	YUMIKO Yellow 5kg	Низкозамерзающая охлаждающая жидкость. Разработано специально для исполь­зования в системе охлаждения бензиновых и дизельных двигателей, а также в теплообменных агрегатах в качестве рабочей жидкости, работающих при низких и высоких температурах. Показатель рефрактометра - 40, +110°С температура кипения. Создан на основе качественного моноэтиленгликоля с применением комплекса функциональных присадок. Не содержит нитритов и аминов. Не повреждает резиновые части и уплотнители системы охлаждения. Предотвращает появление коррозии, отложений и других негативных последствий в системе охлаждения. Применять в соответствии с инструкцией по эксплуатации автомобиля и теплообменных агрегатов. Состав: этиленгликоль, деминерализованная вода, функциональный комплекс присадок, противопенные и красящие добавки.	Low freezing coolant. Specifically designed for use in the cooling system of gasoline and diesel engines, as well as heat exchange units as the working fluid operating at low and high temperatures. Refractometer index - 40 , +110 ° C boiling point . Is based on the quality monoethylene glycol using a set of functional additives . Does not contain nitrites and amines. Does not damage rubber parts and sealing of the cooling system . Prevents the appearance of corrosion, scaling , and other adverse effects in the cooling system . Used in accordance with the instruction manual and heat exchange units. Ingredients: ethylene glycol, demineralized water , functional complex additives , coloring agents , and defoamers . Store in a place protected from direct sunlight and precipitation.\r\n	{https://backend.gpggroup.uz//1765954842731-170382704.webp,https://backend.gpggroup.uz//1765954842731-600816193.webp,https://backend.gpggroup.uz//1765954842732-247770018.webp}	13	2025-12-17 07:00:42.73242	2025-12-17 07:00:42.73242	\N	\N	\N	\N	\N	\N	\N	\N	\N
15	ATLANT Red 5kg	ATLANT Red 5kg	Разработан специально для исполь­зования в системе охлаждения бензиновых и дизельных двигателей, а также в теплообменных агрегатах в качестве рабочей жидкости, работающих при низких и высоких температурах. Создан на основе моноэтиленгликоля высшего сорта с применением пакета многофункциональных присадок. Не содержит нитритов и аминов. Не повреждает резиновые части и уплотнители системы охлаждения. Надежно защищает от кавитации и предотвращает появление коррозии, отложений и других негативных последствий в системе охлаждения.	Specifically designed for use in the cooling system of gasoline and diesel engines, as well as heat exchange units as the working fluid operating at low and high temperatures. Based on the high quality monoethylene glycol using a set of functional additives . Does not contan nitrites and amines. Does not damage rubber parts and sealing of the cooling system . Reliably protects against cavitation and prevents corrosion, and other adverse effects in the cooling system . Used in accordance with the instruction manual and heat exchange units. Ingredients:high quality of mono ethylene glycol, demineralized water , multifunctional complex additives , anticavitational and antifoam additives, coloring agents.\r\n	{https://backend.gpggroup.uz//1765950967472-881117228.webp,https://backend.gpggroup.uz//1765950967473-661376341.webp,https://backend.gpggroup.uz//1765950967473-981811607.webp}	12	2025-12-17 05:56:07.473857	2025-12-17 05:56:07.473857	\N	\N	\N	\N	\N	\N	\N	\N	\N
16	ATLANT Green 5kg	ATLANT Green 5kg	Разработан специально для исполь­зования в системе охлаждения бензиновых и дизельных двигателей, а также в теплообменных агрегатах в качестве рабочей жидкости, работающих при низких и высоких температурах. Создан на основе моноэтиленгликоля высшего сорта с применением пакета многофункциональных присадок. Не содержит нитритов и аминов. Не повреждает резиновые части и уплотнители системы охлаждения. Надежно защищает от кавитации и предотвращает появление коррозии, отложений и других негативных последствий в системе охлаждения.	Specifically designed for use in the cooling system of gasoline and diesel engines, as well as heat exchange units as the working fluid operating at low and high temperatures. Based on the high quality monoethylene glycol using a set of functional additives . Does not contan nitrites and amines. Does not damage rubber parts and sealing of the cooling system . Reliably protects against cavitation and prevents corrosion, and other adverse effects in the cooling system . Used in accordance with the instruction manual and heat exchange units. Ingredients:high quality of mono ethylene glycol, demineralized water , multifunctional complex additives , anticavitational and antifoam additives, coloring agents.\r\n	{https://backend.gpggroup.uz//1765951148754-168841201.webp,https://backend.gpggroup.uz//1765951148754-198016670.webp,https://backend.gpggroup.uz//1765951148754-544347593.webp}	12	2025-12-17 05:59:08.755804	2025-12-17 05:59:08.755804	\N	\N	\N	\N	\N	\N	\N	\N	\N
25	YUMIKO Green 5kg	YUMIKO Green 5kg	Низкозамерзающая охлаждающая жидкость. Разработано специально для исполь­зования в системе охлаждения бензиновых и дизельных двигателей, а также в теплообменных агрегатах в качестве рабочей жидкости, работающих при низких и высоких температурах. Показатель рефрактометра - 40, +110°С температура кипения. Создан на основе качественного моноэтиленгликоля с применением комплекса функциональных присадок. Не содержит нитритов и аминов. Не повреждает резиновые части и уплотнители системы охлаждения. Предотвращает появление коррозии, отложений и других негативных последствий в системе охлаждения. Применять в соответствии с инструкцией по эксплуатации автомобиля и теплообменных агрегатов. Состав: этиленгликоль, деминерализованная вода, функциональный комплекс присадок, противопенные и красящие добавки.	Low freezing coolant. Specifically designed for use in the cooling system of gasoline and diesel engines, as well as heat exchange units as the working fluid operating at low and high temperatures. Refractometer index - 40 , +110 ° C boiling point . Is based on the quality monoethylene glycol using a set of functional additives . Does not contain nitrites and amines. Does not damage rubber parts and sealing of the cooling system . Prevents the appearance of corrosion, scaling , and other adverse effects in the cooling system . Used in accordance with the instruction manual and heat exchange units. Ingredients: ethylene glycol, demineralized water , functional complex additives , coloring agents , and defoamers . Store in a place protected from direct sunlight and precipitation.\r\n	{https://backend.gpggroup.uz//1765955649529-214958157.webp,https://backend.gpggroup.uz//1765955649530-253292012.webp,https://backend.gpggroup.uz//1765955649530-877903413.webp}	13	2025-12-17 07:14:09.530571	2025-12-17 07:14:09.530571	\N	\N	\N	\N	\N	\N	\N	\N	\N
23	YUMIKO Tosol 5kg	YUMIKO Tosol 5kg	Низкозамерзающая охлаждающая жидкость. Разработано специально для исполь­зования в системе охлаждения бензиновых и дизельных двигателей, а также в теплообменных агрегатах в качестве рабочей жидкости, работающих при низких и высоких температурах. Показатель рефрактометра - 40, +110°С температура кипения. Создан на основе качественного моноэтиленгликоля с применением комплекса функциональных присадок. Не содержит нитритов и аминов. Не повреждает резиновые части и уплотнители системы охлаждения. Предотвращает появление коррозии, отложений и других негативных последствий в системе охлаждения. Применять в соответствии с инструкцией по эксплуатации автомобиля и теплообменных агрегатов. Состав: этиленгликоль, деминерализованная вода, функциональный комплекс присадок, противопенные и красящие добавки.	Low freezing coolant. Specifically designed for use in the cooling system of gasoline and diesel engines, as well as heat exchange units as the working fluid operating at low and high temperatures. Refractometer index - 40 , +110 ° C boiling point . Is based on the quality monoethylene glycol using a set of functional additives . Does not contain nitrites and amines. Does not damage rubber parts and sealing of the cooling system . Prevents the appearance of corrosion, scaling , and other adverse effects in the cooling system . Used in accordance with the instruction manual and heat exchange units. Ingredients: ethylene glycol, demineralized water , functional complex additives , coloring agents , and defoamers . Store in a place protected from direct sunlight and precipitation.\r\n	{https://backend.gpggroup.uz//1765955059010-510065800.webp,https://backend.gpggroup.uz//1765955059010-12081642.webp,https://backend.gpggroup.uz//1765955059011-431570999.webp}	13	2025-12-17 07:04:19.012183	2025-12-17 07:04:19.012183	\N	\N	\N	\N	\N	\N	\N	\N	\N
24	YUMIKO Red 5kg	YUMIKO Red 5kg	Низкозамерзающая охлаждающая жидкость. Разработано специально для исполь­зования в системе охлаждения бензиновых и дизельных двигателей, а также в теплообменных агрегатах в качестве рабочей жидкости, работающих при низких и высоких температурах. Показатель рефрактометра - 40, +110°С температура кипения. Создан на основе качественного моноэтиленгликоля с применением комплекса функциональных присадок. Не содержит нитритов и аминов. Не повреждает резиновые части и уплотнители системы охлаждения. Предотвращает появление коррозии, отложений и других негативных последствий в системе охлаждения. Применять в соответствии с инструкцией по эксплуатации автомобиля и теплообменных агрегатов. Состав: этиленгликоль, деминерализованная вода, функциональный комплекс присадок, противопенные и красящие добавки.	Low freezing coolant. Specifically designed for use in the cooling system of gasoline and diesel engines, as well as heat exchange units as the working fluid operating at low and high temperatures. Refractometer index - 40 , +110 ° C boiling point . Is based on the quality monoethylene glycol using a set of functional additives . Does not contain nitrites and amines. Does not damage rubber parts and sealing of the cooling system . Prevents the appearance of corrosion, scaling , and other adverse effects in the cooling system . Used in accordance with the instruction manual and heat exchange units. Ingredients: ethylene glycol, demineralized water , functional complex additives , coloring agents , and defoamers . Store in a place protected from direct sunlight and precipitation.\r\n	{https://backend.gpggroup.uz//1765955372324-574590372.webp,https://backend.gpggroup.uz//1765955372325-374535992.webp,https://backend.gpggroup.uz//1765955372325-861317642.webp}	13	2025-12-17 07:09:32.325595	2025-12-17 07:09:32.325595	\N	\N	\N	\N	\N	\N	\N	\N	\N
29	CRYSTAL Green 5kg	CRYSTAL Green 5kg	Разработан специально для исполь­зования в системе охлаждения бензиновых и дизельных двигателей, а также в теплообменных агрегатах в качестве рабочей жидкости, работающих при низких и высоких температурах. Показатель рефрактометра - 35° C, +120°С температура кипения. Создан на основе моноэтиленгликоля высшего сорта с применением пакета многофункциональных присадок. Не содержит нитритов и аминов. Не повреждает резиновые части и уплотнители системы охлаждения. Надежно защищает от кавитации и предотвращает появление коррозии, отложений и других негативных последствий в системе охлаждения.	Specifically designed for use in the cooling system of gasoline and diesel engines, as well as heat exchange units as the working fluid operating at low and high temperatures. Refractometer index - 35° C, +120 ° C boiling point . Based on the high quality monoethylene glycol using a set of functional additives . Does not contan nitrites and amines. Does not damage rubber parts and sealing of the cooling system . Reliably protects against cavitation and prevents corrosion, and other adverse effects in the cooling system .\r\n	{https://backend.gpggroup.uz//1765956768431-259628929.webp,https://backend.gpggroup.uz//1765956768432-342013395.webp,https://backend.gpggroup.uz//1765956768432-916518330.webp}	14	2025-12-17 07:32:48.433304	2025-12-17 07:32:48.433304	\N	\N	\N	\N	\N	\N	\N	\N	\N
26	YUMIKO Blue 5kg	YUMIKO Blue 5kg	Низкозамерзающая охлаждающая жидкость. Разработано специально для исполь­зования в системе охлаждения бензиновых и дизельных двигателей, а также в теплообменных агрегатах в качестве рабочей жидкости, работающих при низких и высоких температурах. Показатель рефрактометра - 40, +110°С температура кипения. Создан на основе качественного моноэтиленгликоля с применением комплекса функциональных присадок. Не содержит нитритов и аминов. Не повреждает резиновые части и уплотнители системы охлаждения. Предотвращает появление коррозии, отложений и других негативных последствий в системе охлаждения. Применять в соответствии с инструкцией по эксплуатации автомобиля и теплообменных агрегатов. Состав: этиленгликоль, деминерализованная вода, функциональный комплекс присадок, противопенные и красящие добавки.	Low freezing coolant. Specifically designed for use in the cooling system of gasoline and diesel engines, as well as heat exchange units as the working fluid operating at low and high temperatures. Refractometer index - 40 , +110 ° C boiling point . Is based on the quality monoethylene glycol using a set of functional additives . Does not contain nitrites and amines. Does not damage rubber parts and sealing of the cooling system . Prevents the appearance of corrosion, scaling , and other adverse effects in the cooling system . Used in accordance with the instruction manual and heat exchange units. Ingredients: ethylene glycol, demineralized water , functional complex additives , coloring agents , and defoamers . Store in a place protected from direct sunlight and precipitation.\r\n	{https://backend.gpggroup.uz//1765955756702-488355403.webp,https://backend.gpggroup.uz//1765955756703-944282347.webp,https://backend.gpggroup.uz//1765955756703-14854021.webp}	13	2025-12-17 07:15:56.703748	2025-12-17 07:15:56.703748	\N	\N	\N	\N	\N	\N	\N	\N	\N
28	CRYSTAL Red 5kg	CRYSTAL Red 5kg	Разработан специально для исполь­зования в системе охлаждения бензиновых и дизельных двигателей, а также в теплообменных агрегатах в качестве рабочей жидкости, работающих при низких и высоких температурах. Показатель рефрактометра - 35° C, +120°С температура кипения. Создан на основе моноэтиленгликоля высшего сорта с применением пакета многофункциональных присадок. Не содержит нитритов и аминов. Не повреждает резиновые части и уплотнители системы охлаждения. Надежно защищает от кавитации и предотвращает появление коррозии, отложений и других негативных последствий в системе охлаждения.	Specifically designed for use in the cooling system of gasoline and diesel engines, as well as heat exchange units as the working fluid operating at low and high temperatures. Refractometer index - 35° C, +120 ° C boiling point . Based on the high quality monoethylene glycol using a set of functional additives . Does not contan nitrites and amines. Does not damage rubber parts and sealing of the cooling system . Reliably protects against cavitation and prevents corrosion, and other adverse effects in the cooling system .\r\n	{https://backend.gpggroup.uz//1765956649926-545777043.webp,https://backend.gpggroup.uz//1765956649927-954371185.webp,https://backend.gpggroup.uz//1765956649927-965553467.webp}	14	2025-12-17 07:30:49.927602	2025-12-17 07:30:49.927602	\N	\N	\N	\N	\N	\N	\N	\N	\N
35	New Thermo Comfort Luxe-30C	New Thermo Comfort Luxe-30C	Thermo Comfort LUXE – теплоноситель предназначенный для использования в системах отопления и кондиционирования промышленных предприятий, зданий и жилых домов, а также в качестве рабочей жидкости в теплообменных аппаратах объектов промышленности. Исключает замерзания систем отопления при отрицательных температурах до -30 С и служит для защиты оборудования от возникновения коррозии, образования накипи, развития микроорганизмов.	Thermo Comfort LUXE – теплоноситель предназначенный для использования в системах отопления и кондиционирования промышленных предприятий, зданий и жилых домов, а также в качестве рабочей жидкости в теплообменных аппаратах объектов промышленности. Исключает замерзания систем отопления при отрицательных температурах до -30 С и служит для защиты оборудования от возникновения коррозии, образования накипи, развития микроорганизмов.	{https://backend.gpggroup.uz/1767074097304-201410252.jpg}	19	2025-12-19 04:52:40.457169	2025-12-30 05:54:57.308753	\N	\N	\N	\N	\N	\N	\N	\N	\N
36	New Thermo Comfort Eco-30C	New Thermo Comfort Eco-30C	Thermo Comfort ECO - coolant designed for use in heating and cooling systems of industry, buildings and homes, as well as a working fluid in heat exchangers of industrial facilities. Eliminates freezing of heating at low temperatures down to -30 С and is used to protect equipment from corrosion, scaling, development of microorganisms.	Thermo Comfort ECO - coolant designed for use in heating and cooling systems of industry, buildings and homes, as well as a working fluid in heat exchangers of industrial facilities. Eliminates freezing of heating at low temperatures down to -30 С and is used to protect equipment from corrosion, scaling, development of microorganisms.	{https://backend.gpggroup.uz//1766120639090-898147651.jpg}	19	2025-12-19 05:03:59.090993	2025-12-19 05:03:59.090993	\N	\N	\N	\N	\N	\N	\N	\N	\N
30	CRYSTAL Blue 5kg	CRYSTAL Blue 5kg	Разработан специально для исполь­зования в системе охлаждения бензиновых и дизельных двигателей, а также в теплообменных агрегатах в качестве рабочей жидкости, работающих при низких и высоких температурах. Показатель рефрактометра - 35° C, +120°С температура кипения. Создан на основе моноэтиленгликоля высшего сорта с применением пакета многофункциональных присадок. Не содержит нитритов и аминов. Не повреждает резиновые части и уплотнители системы охлаждения. Надежно защищает от кавитации и предотвращает появление коррозии, отложений и других негативных последствий в системе охлаждения.	Specifically designed for use in the cooling system of gasoline and diesel engines, as well as heat exchange units as the working fluid operating at low and high temperatures. Refractometer index - 35° C, +120 ° C boiling point . Based on the high quality monoethylene glycol using a set of functional additives . Does not contan nitrites and amines. Does not damage rubber parts and sealing of the cooling system . Reliably protects against cavitation and prevents corrosion, and other adverse effects in the cooling system .\r\n	{https://backend.gpggroup.uz//1765956852736-766258489.webp,https://backend.gpggroup.uz//1765956852736-908447687.webp,https://backend.gpggroup.uz//1765956852736-249529013.webp}	14	2025-12-17 07:34:12.736829	2025-12-17 07:34:12.736829	\N	\N	\N	\N	\N	\N	\N	\N	\N
39	New Thermo Comfort red	New Thermo Comfort red	Thermo Comfort ECO – теплоноситель предназначенный для использования в системах отопления и кондиционирования промышленных предприятий, зданий и жилых домов, а также в качестве рабочей жидкости в теплообменных аппаратах объектов промышленности. Исключает замерзания систем отопления при отрицательных температурах до -30 С и служит для защиты оборудования от возникновения коррозии, образования накипи, развития микроорганизмов.	Thermo Comfort ECO - coolant designed for use in heating and cooling systems of industry, buildings and homes, as well as a working fluid in heat exchangers of industrial facilities. Eliminates freezing of heating at low temperatures down to -30 С and is used to protect equipment from corrosion, scaling, development of microorganisms.	{https://backend.gpggroup.uz/1767073909653-7527229.webp}	19	2025-12-19 05:07:16.862653	2025-12-30 05:51:49.655611	\N	\N	\N	\N	\N	\N	\N	\N	\N
37	New Thermo Comfort Eco	New Thermo Comfort Eco	Thermo Comfort ECO – теплоноситель предназначенный для использования в системах отопления и кондиционирования промышленных предприятий, зданий и жилых домов, а также в качестве рабочей жидкости в теплообменных аппаратах объектов промышленности. Исключает замерзания систем отопления при отрицательных температурах до -30 С и служит для защиты оборудования от возникновения коррозии, образования накипи, развития микроорганизмов.\r\n	Thermo Comfort ECO – теплоноситель предназначенный для использования в системах отопления и кондиционирования промышленных предприятий, зданий и жилых домов, а также в качестве рабочей жидкости в теплообменных аппаратах объектов промышленности. Исключает замерзания систем отопления при отрицательных температурах до -30 С и служит для защиты оборудования от возникновения коррозии, образования накипи, развития микроорганизмов.\r\n	{https://backend.gpggroup.uz//1766120714707-722886049.jpg}	19	2025-12-19 05:05:14.708678	2025-12-19 05:05:14.708678	\N	\N	\N	\N	\N	\N	\N	\N	\N
38	New Thermo Comfort Yellow\r\n	New Thermo Comfort Yellow	Thermo Comfort ECO – теплоноситель предназначенный для использования в системах отопления и кондиционирования промышленных предприятий, зданий и жилых домов, а также в качестве рабочей жидкости в теплообменных аппаратах объектов промышленности. Исключает замерзания систем отопления при отрицательных температурах до -30 С и служит для защиты оборудования от возникновения коррозии, образования накипи, развития микроорганизмов.\r\n	Thermo Comfort ECO - coolant designed for use in heating and cooling systems of industry, buildings and homes, as well as a working fluid in heat exchangers of industrial facilities. Eliminates freezing of heating at low temperatures down to -30 С and is used to protect equipment from corrosion, scaling, development of microorganisms.	{https://backend.gpggroup.uz//1766120774935-6282974.png}	19	2025-12-19 05:06:14.93592	2025-12-19 05:06:14.93592	\N	\N	\N	\N	\N	\N	\N	\N	\N
40	Atl 85w90 GL5 ТАД 17 1L b	Atl 85w90 GL5 ТАД 17 1L b	ATLANT EXPERT ТАД - 17 SAE 85W90, API GL-5. Высококачественное всесезонное трансмиссионное масло изготовлено на основе минеральных базовых масел с добавлением комплексных присадок. Применяется для смазки механических коробок передач с синхронизатором, дифференциальных и рулевых механизмов, задних мостов и карданных соединений грузовых и легковых автомобилей отечественного и зарубежного производства, работающих в сложных температурных условиях при высоких удельных нагрузках и скоростях скольжения. Применять в соответствии с рекомендациями производителя автотехники.\r\n	ATLANT EXPERT ТАД - 17 SAE 85W90, API GL-5. High-quality all-season gear oil is made from mineral base oils with the addition of complex additives. It is used for lubrication of mechanical gearboxes with synchronizer, differential and steering mechanisms, rear axles and universal joints of trucks and passenger cars of domestic and foreign production, operating in difficult temperature conditions at high specific loads and sliding speeds. Apply in accordance with the recommendations of the automotive equipment manufacturer.	{https://backend.gpggroup.uz//1766121527635-594594925.webp}	22	2025-12-19 05:18:47.63546	2025-12-19 05:18:47.63546	\N	\N	\N	\N	\N	\N	\N	\N	\N
44	Brake Master Dot 3	Brake Master Dot 3	Высокотемпературная тормозная жидкость, разработана для использования в гидроприводах тормозных систем и сцеплений современных автомобилей отечественного и зарубежного производства. Содержит эффективные ингибиторы корозии, обеспечивающие надежную защиту деталей тормозной системы из стали, чугуна, меди, латуни и алюминия. Не оказывает отрицательного воздействия на детали тормозной системы и обладает высокой термической стабильностью. Обеспечивает надежную передачу давления на тормозные колодки и суппарта для максимальной эффективности торможения.\r\n	High-temperature brake fluid developed for use in the hydraulic drives of brake systems and clutches of modern domestic and foreign vehicles. It contains effective corrosion inhibitors that provide reliable protection for brake system parts made of steel, cast iron, copper, brass, and aluminum. It does not have a negative effect on brake system components and has high thermal stability. It ensures reliable pressure transmission to brake pads and calipers for maximum braking efficiency.	{https://backend.gpggroup.uz/1767074836092-781313644.webp,https://backend.gpggroup.uz/1767074836093-199231648.webp}	17	2025-12-19 07:29:49.737973	2025-12-30 06:07:16.094447	\N	\N	\N	\N	\N	\N	\N	\N	\N
45	Brake Master Dot 4	Brake Master Dot 4	Высокотемпературная тормозная жидкость, разработана для использования в гидроприводах тормозных систем и сцеплений современных автомобилей отечественного и зарубежного производства. Содержит эффективные ингибиторы корозии, обеспечивающие надежную защиту деталей тормозной системы из стали, чугуна, меди, латуни и алюминия. Не оказывает отрицательного воздействия на детали тормозной системы и обладает высокой термической стабильностью. Обеспечивает надежную передачу давления на тормозные колодки и суппарта для максимальной эффективности торможения.	High-temperature brake fluid developed for use in the hydraulic drives of brake systems and clutches of modern domestic and foreign vehicles. It contains effective corrosion inhibitors that provide reliable protection for brake system parts made of steel, cast iron, copper, brass, and aluminum. It does not have a negative effect on brake system components and has high thermal stability. It ensures reliable pressure transmission to brake pads and calipers for maximum braking efficiency.	{https://backend.gpggroup.uz/1767074918716-994590121.webp,https://backend.gpggroup.uz/1767074918717-329987966.webp}	17	2025-12-19 07:34:24.586211	2025-12-30 06:08:38.718718	\N	\N	\N	\N	\N	\N	\N	\N	\N
59	Crystal Clean Blue	Crystal Clean Blue	Crystal Clean - зимний стеклоомыватель. Разработан для использования в системе стеклоомывания автомобилей, отечественного и зарубежного производства. Изготовлен на основе моноэтиленгликоля высшего сорта с применением новейшего пакета антивспениваемых, антикоррозионных и других присадок. Надежно защищает детали системы охлаждения, сделанные из алюминия и других металлов, от коррозии и других неблагоприятных воздействий. Эффективное смазывающее свойство дает возможность, увеличить ресурс работы двигателя, помпы, радиатора и термостата.\r\n	Crystal Clean - winter windshield washer fluid. Developed for use in the windshield washing system of vehicles, both domestic and foreign production. Manufactured based on high-grade monoethylene glycol with the application of the latest package of anti-foaming, anti-corrosion, and other additives. Reliably protects cooling system parts made of aluminum and other metals from corrosion and other adverse effects. Effective lubricating properties allow increasing the service life of the engine, pump, radiator, and thermostat.	{https://backend.gpggroup.uz/1767073101789-176492422.webp}	18	2025-12-19 10:21:11.762937	2025-12-30 05:38:21.791962	\N	\N	\N	\N	\N	\N	\N	\N	\N
41	Atl 80w90 GL 5 1L b	Atl 80w90 GL 5 1L b	ATLANT EXPERT SAE 80W-90, API GL-5 Высококачественное трансмиссионное масло с усиленными противозадирными свойствами имеет высокую стойкость к окислению. Обеспечивает длительный срок службы автомобильных трансмиссий и редукторов благодаря высоко эффективному пакету противоизносных и противозадирных присадок. Увеличивает срок службы, как металлических деталей механизма, так и эластичных уплотнителей. Исключает появление нагара и отложений на поверхностях трения механизма и обеспечивает максимальную степень зашиты деталей трансмисии. Применять в соответствии с рекомендациями производителя автотехники.\r\n	ATLANT EXPERT SAE 80W-90, API GL-5 High quality gear oil with reinforced extreme pressure properties has high oxidation resistance. Provides long term automotive transmission and gear services due to highly efcient package of antiwear and extreme pressure additives. Increases service life as metal parts of the mechanism, and elastic seals. Eliminates the appearance of soot and deposits on the friction surfaces of the mechanism and provides the maximum degree of protection of transmission parts. Apply in accordance with the recommendations of the automotive equipment manufacturer	{https://backend.gpggroup.uz//1766121680701-471733116.webp}	22	2025-12-19 05:21:20.702223	2025-12-30 04:28:17.913944	{222,"АСТМ Д 92"}	{"– 32","АСТМ Д 97"}	\N	{80W-90,"САЕ J300"}	{"0,880","АСТМ Д 1298"}	{131,"АСТМ Д 445"}	{"14,9","АСТМ Д 445"}	{105,"АСТМ Д 2270"}	{"SAE J2360","API GL-4/GL-5/","MT-1 AVTOVAZ","Mack GO-J","MAN 341 Type","E2/Z2 342 Type","M2 MB 235.0",MERITOR,"NATO 0-226 Scania","STO 1:0 ZF TE-ML 02B","05A 07A",08,12€,16B/C/D,17A/B,19B,"21A MF 1134","MIL-L-2105D /PRF-2105E","Volvo 97310/97312"}
46	Atlant expert HLP46 20L	Atlant expert HLP46 20L	Высококачественное, всесезонное, полусинтетическое моторное масло. Разработано для применения для дизельных двигателей (с турбонагнетателем или без него) сверхмощных тягачей, тяжело нагруженной техники, внедорожников, коммерческого транспорта, а так же бензиновых двигателей. Обеспечивает максимальную мощность двигателя, минимизирует износ в жестких условиях эксплуатации. Формирует защитный слой на всех металлических поверхностях двигателя.	High-quality, all-season, semi-synthetic engine oil. Developed for use in diesel engines (with or without a turbocharger) of heavy-duty trucks, heavy-loaded machinery, off-road vehicles, commercial transport, as well as gasoline engines. Provides maximum engine power, minimizes wear under harsh operating conditions. Forms a protective layer on all metal surfaces of the engine.	{https://backend.gpggroup.uz//1766129918877-611125708.jpg}	23	2025-12-19 07:38:38.878036	2025-12-19 07:38:38.878036	\N	\N	\N	\N	\N	\N	\N	\N	\N
66	Atl 15w50 SJ 4L	Atl 15w50 SJ 4L	ATLANT EXPERT SAE-15W50, API SJ/CF Высокоэффективное, всесезонное, минеральное моторное масло. Рекомендуется для применения во всех видах бензиновых и дизельных двигателей легковых автомобилей, микроавтобусов, легких грузовиков, а также для газовых двигателей (LPG). Имеет стабильный индекс вязкости. Обеспечивает низкий расход на угар, практически не испаряется, и предотвращает образований шламовых отложений. Применять в соответствии с рекомендациями производителя автотехники.	ATLANT EXPERT SAE-15W50, API SJ/CF High-performance, multigrade, mineral engine oil. It is recommended for use in all types of gasoline and diesel engines of cars, vans, light trucks, as well as for gas engines (LPG). Provides low consumption of waste, practical does not evaporate, protects the engine from wear and prevents the formation of sludge deposits. Use in accordance with the recommendations of the vehicle manufacturer.\r\n	{https://backend.gpggroup.uz//1766141530794-468122914.webp,https://backend.gpggroup.uz//1766141530795-419346969.webp}	21	2025-12-19 10:52:10.79539	2025-12-29 11:24:04.323409	{236,"АСТМ Д 92"}	{"– 30","АСТМ Д 97"}	{"5,85","АСТМ Д 2896"}	{15W-50,"САЕ J300"}	{"0,880","АСТМ Д 1298"}	{189,"АСТМ Д 445"}	{"19,17","АСТМ Д 445"}	{115,"АСТМ Д 2270"}	{"API SJ/CF","ACEA A2/B2","VW 502.00/505.00","MB 226.5"}
64	Atl 20w50 SJ 4L	Atl 20w50 SJ 4L	ATLANT EXPERT SAE-20W50, API SJ/CD Высокоэффективное, всесезонное, минеральное моторное масло. Рекомендуется для применения во всех видах бензиновых и дизельных двигателей легковых автомобилей, микроавтобусов, легких грузовиков, а также для газовых двигателей (LPG). Имеет стабильный индекс вязкости. Обеспечивает низкий расход на угар, практически не испаряется, и предотвращает образований шламовых отложений. Применять в соответствии с рекомендациями производителя автотехники.	ATLANT EXPERT SAE-20W50, API SJ/CD High-performance, multigrade, mineral engine oil. It is recommended for use in all types of gasoline and diesel engines of cars, vans, light trucks, as well as for gas engines (LPG). Provides low consumption of waste, practical does not evaporate, protects the engine from wear and prevents the formation of sludge deposits. Use in accordance with the recommendations of the vehicle manufacturer.\r\n	{https://backend.gpggroup.uz//1766141321546-845189915.webp,https://backend.gpggroup.uz//1766141321546-813019684.webp}	21	2025-12-19 10:48:41.547381	2025-12-29 11:07:40.97837	{232,"АСТМ Д 92"}	{"– 29","АСТМ Д 97"}	{"7,9","АСТМ Д 2896"}	{20W-50,"САЕ J300"}	{"0,856","АСТМ Д 1298"}	{"165,1","АСТМ Д 445"}	{"18,6","АСТМ Д 445"}	{128,"АСТМ Д 2270"}	{"X-TREME GJ3000","SAE 20W-50","API SJ/CF"}
42	Atl 15w40 CF-4 SG 4L	Atl 15w40 CF-4 SG 4L	ATLANT EXPERT (DIESEL) SAE 15W-40, API CF-4/SG Высокоэффективное, всесезонное, минеральное моторное масло, с использованием пакета присадок производства мировых лидеров. Разработано для применения в широком спектре дизельных двигателей (с турбонагнетателем или без него) тяжело нагруженной техники, внедорожников, коммерческого транспорта, а так же бензиновых двигателей. Минимизирует износ в жестких условиях эксплуатации, благодаря надежному комплексу противоизносных присадок. Формирует защитный слой на всех металлических поверхностях двигателя. Практически не испаряется. Предотвращает процесс формирования шламовых отложений при высоких температурах, поддерживая максимальную производительность двигателя.	ATLANT EXPERT (DIESEL) SAE 15W-40, API CF-4/SG High-performance, all-season, mineral motor oil, including additivepackage by world leading companies. Recommended application in a wide range of diesel engines (with or without turbocharge) heavily loaded machinery, commercial vehicles, as well as gasoline engines. Minimizes wear under harsh conditions, due to a reliable set of anti-wearadditives. Forms a protective layer on all metal surfaces. Almost doesn't evaporates. Prevents the formation of sludge deposits at high temperatures, provides excellent performance and maximum engine power.	{https://backend.gpggroup.uz//1766125712312-96217613.webp,https://backend.gpggroup.uz//1766125712312-474996669.webp}	24	2025-12-19 06:28:32.31293	2025-12-30 04:05:13.990381	{228,"АСТМ Д 92"}	{"– 33","АСТМ Д 97"}	{"6,33","АСТМ Д 2896"}	{15W-40,"САЕ J300"}	{"0,875","АСТМ Д 1298"}	{124,"АСТМ Д 445"}	{"15,22","АСТМ Д 445"}	{127,"АСТМ Д 2270"}	{"API CF-4/SG"," VW 506.00",GM-LL-B-025,"MB 228.3"}
68	Atl 10w40 SL 4L	Atl 10w40 SL 4L	ATLANT EXPERT SAE-10W40, API SL/CF Высококачественное, всесезонное полусинтетическое моторное масло. Рекомендуется для применения во всех видах бензиновых и дизельных (как с турбонаддувом, так и без) двигателей легковых автомобилей, микроавтобусов, легких грузовиков, а так же газовых двигателей (LPG). Эффективно защищает двигатель от износа. Обеспечивает легкий запуск двигателя при низких температурах. Создает на деталях защитную пленку и уменьшает потери на трение. Применять в соответствии с рекомендациями производителя автотехники.	ATLANT EXPERT SAE-10W40, API SL/CF High-quality, multigrade semi-synthetic motor oil. It is recommended for use in all types of gasoline and diesel (both turbocharged and without) engines of cars, vans, light trucks, as well as gas engines (LPG). Effectively protects the engine from wear and prevents the formation of sludge deposits. Provides easy engine start at low temperatures, and has a stable viscosity index and excellent fluidity, creates a protective film on the parts and reduces friction losses saving fuel. Use in accordance with the recommendations of the vehicle manufacturer.\r\n	{https://backend.gpggroup.uz//1766141678301-883849269.webp,https://backend.gpggroup.uz//1766141678301-497103619.webp}	21	2025-12-19 10:54:38.302882	2025-12-29 11:38:42.359722	{225,"АСТМ Д 92"}	{"– 38","АСТМ Д 97"}	{"7,55","АСТМ Д 2896"}	{10W-40,"САЕ J300"}	{"0,858","АСТМ Д 1298"}	{129,"АСТМ Д 445"}	{"5,4","АСТМ Д 445"}	{124,"АСТМ Д 2270"}	{"[\\"API SL/CF\\", \\"ACEA A3/B3\\", \\"VW 502.00/505.00\\", \\"MB 226.5\\""}
58	Crystal Clean Green	Crystal Clean Green	Crystal Clean - зимний стеклоомыватель. Разработан для использования в системе стеклоомывания автомобилей, отечественного и зарубежного производства. Изготовлен на основе моноэтиленгликоля высшего сорта с применением новейшего пакета антивспениваемых, антикоррозионных и других присадок. Надежно защищает детали системы охлаждения, сделанные из алюминия и других металлов, от коррозии и других неблагоприятных воздействий. Эффективное смазывающее свойство дает возможность, увеличить ресурс работы двигателя, помпы, радиатора и термостата.\r\n	Crystal Clean - winter windshield washer fluid. Developed for use in the windshield washing system of vehicles, both domestic and foreign production. Manufactured based on high-grade monoethylene glycol with the application of the latest package of anti-foaming, anti-corrosion, and other additives. Reliably protects cooling system parts made of aluminum and other metals from corrosion and other adverse effects. Effective lubricating properties allow increasing the service life of the engine, pump, radiator, and thermostat.	{https://backend.gpggroup.uz/1767073069695-713764899.webp}	18	2025-12-19 10:20:08.331856	2025-12-30 05:37:49.697585	\N	\N	\N	\N	\N	\N	\N	\N	\N
43	Atl 20w50 CF-4 SG 4L	Atl 20w50 CF-4 SG 4L	ATLANT EXPERT (DIESEL) SAE 20W-50, API CF-4/SG Высокоэффективное, всесезонное, минеральное моторное масло, с использованием пакета присадок производства мировых лидеров. Разработано для применения в широком спектре дизельных двигателей (с турбонагнетателем или без него) тяжело нагруженной техники, внедорожников, коммерческого транспорта, а так же бензиновых двигателей. Минимизирует износ в жестких условиях эксплуатации, благодаря надежному комплексу противоизносных присадок. Формирует защитный слой на всех металлических поверхностях двигателя. Практически не испаряется. Предотвращает процесс формирования шламовых отложений при высоких температурах, поддерживая максимальную производительность двигателя.	ATLANT EXPERT (DIESEL) SAE 20W-50, API CF-4/SG High-performance, all-season, mineral motor oil, including additivepackage by world leading companies. Recommended application in a wide range of diesel engines (with or without turbocharge) heavily loaded machinery, commercial vehicles, as well as gasoline engines. Minimizes wear under harsh conditions, due to a reliable set of anti-wearadditives. Forms a protective layer on all metal surfaces. Almost doesn't evaporates. Prevents the formation of sludge deposits at high temperatures, provides excellent performance and maximum engine power.	{https://backend.gpggroup.uz//1766125791560-750048941.webp,https://backend.gpggroup.uz//1766125791561-418187907.webp,https://backend.gpggroup.uz//1766125791561-346082920.webp,https://backend.gpggroup.uz//1766125791561-281910477.webp}	24	2025-12-19 06:29:51.561978	2025-12-30 04:13:43.938796	{226,"АСТМ Д 92"}	{"– 30","АСТМ Д 97"}	{"6,12","АСТМ Д 2896"}	{20W-50,"САЕ J300"}	{"0,880","АСТМ Д 1298"}	{154,"АСТМ Д 445"}	{"18,5","АСТМ Д 445"}	{134,"АСТМ Д 2270"}	{"API CF-4/SG","VW 506.00",GM-LL-B-025,"MB 228.3"}
71	Atl 10w40 SG 4L	Atl 10w40 SG 4L	ATLANT EXPERT SAE-10W40, API SG/CD Высококачественное, всесезонное полусинтетическое моторное масло. Рекомендуется для применения во всех видах бензиновых и дизельных (как с турбонаддувом, так и без) двигателей легковых автомобилей, микроавтобусов, легких грузовиков, а так же газовых двигателей (LPG). Эффективно защищает двигатель от износа. Обеспечивает легкий запуск двигателя при низких температурах. Создает на деталях защитную пленку и уменьшает потери на трение. Применять в соответствии с рекомендациями производителя автотехники.	ATLANT EXPERT SAE-10W40, API SG/CD High-quality, multigrade semi-synthetic motor oil. It is recommended for use in all types of gasoline and diesel (both turbocharged and without) engines of cars, vans, light trucks, as well as gas engines (LPG). Effectively protects the engine from wear and prevents the formation of sludge deposits. Provides easy engine start at low temperatures, and has a stable viscosity index and excellent fluidity, creates a protective film on the parts and reduces friction losses saving fuel. Use in accordance with the recommendations of the vehicle manufacturer.\r\n	{https://backend.gpggroup.uz//1766141963976-987945591.webp,https://backend.gpggroup.uz//1766141963976-45612126.webp}	21	2025-12-19 10:59:23.977196	2025-12-29 12:01:09.967215	{226,"АСТМ Д 92"}	{"– 35","АСТМ Д 97"}	{"7,9","АСТМ Д 2896"}	{10W-40,"САЕ J300"}	{"0,858","АСТМ Д 1298"}	{"101,6","АСТМ Д 445"}	{"15,21","АСТМ Д 445"}	{154,"АСТМ Д 2270"}	{"EVOLUTION G5000","SAE 10w-40","API SG/CD"}
60	Atl 0w20 SN 4L	Atl 0w20 SN 4L	ATLANT EXPERT SAE-0W20, API SN/CF Высококачественное, полностью синтетическое моторное масло предназначено для самых современных бензиновых и дизельных двигателей легковых автомобилей, легких грузовиков, внедорожников и микроавтобусов. Обеспечивает гарантированное снижение потерь на трение в режимах максимальных скоростей и нагрузок. Способствует максимальной топливной экономичности. Применять в соответствии с рекомендациями производителя автотехники.	ATLANT EXPERT SAE-0W20, API SN/CF High quality, fully synthetic engine oil designed for the latest gasoline and diesel engines in passenger cars, light trucks, SUVs and vans. Provides a guaranteed reduction in friction losses at maximum speeds and loads. Promotes maximum fuel efficiency. Use in accordance with the recommendations of the vehicle manufacturer.\r\n	{https://backend.gpggroup.uz//1766139995595-738626841.png}	21	2025-12-19 10:26:35.596077	2025-12-29 09:53:12.448418	{220,"АСТМ Д 92"}	{"– 45","АСТМ Д 97"}	{"6,9","АСТМ Д 2896"}	{0W-20,"САЕ J300"}	{"0,845","АСТМ Д 1298"}	{"42,6","АСТМ Д 445"}	{"8,21","АСТМ Д 445"}	{171,"АСТМ Д 2270"}	{"EUROTEC GX7000","SAE 0W-20","API SN/CF"}
62	Atl 5w30 SN 4L	Atl 5w30 SN 4L	ATLANT EXPERT SAE-5W30, API SN/CF Высококачественное, синтетическое моторное масло предназначено для современных бензиновых и дизельных двигателей (в том числе с турбонаддувом) легковых автомобилей, микроавтобусов и легких грузовиков, работающих во всех режимах эксплуатации. Обладает высокими, противоизносными, антиокислительными свойствами и гарантирует увеличенный ресурс двигателя. Обеспечивает более длительный интервал замены масла, а так же легкий запуск двигателя при низких температурах. Применять в соответствии с рекомендациями производителя автотехники.	ATLANT EXPERT SAE-5W30, API SN/CF High quality, synthetic motor oil designed for modern gasoline and diesel engines (including turbocharged) of cars, vans and light trucks operating in all operating modes. It has high anti-wear, antioxidant properties and guarantees an extended engine life. Provides a longer oil change interval, as well as easy engine start at low temperatures. Use in accordance with the recommendations of the vehicle manufacturer.	{https://backend.gpggroup.uz//1766140386843-814686170.webp,https://backend.gpggroup.uz//1766140386843-802521176.webp}	21	2025-12-19 10:33:06.844454	2025-12-29 10:20:31.85986	{230,"АСТМ Д 92"}	{"– 42","АСТМ Д 97"}	{"8,75","АСТМ Д 2896"}	{5W-30,"САЕ J300"}	{"0,850","АСТМ Д 1298"}	{94,"АСТМ Д 445"}	{"12 154","АСТМ Д 445"}	{122,"АСТМ Д 2270"}	{"API SN/CF","ACEA A3/B4","ILSAC GF-5","VW 502.00/505.00","MB 226.5","GM dexos 2;"}
61	Atl 5w20 SN 4L	Atl 5w20 SN 4L	ATLANT EXPERT SAE-5W20, API SN/CF Высококачественное, синтетическое моторное масло предназначено для современных бензиновых и дизельных двигателей (в том числе с турбонаддувом) легковых автомобилей, микроавтобусов и легких грузовиков, работающих во всех режимах эксплуатации. Обладает высокими, противоизносными, антиокислительными свойствами и гарантирует увеличенный ресурс двигателя. Обеспечивает более длительный интервал замены масла, а так же легкий запуск двигателя при низких температурах. Применять в соответствии с рекомендациями производителя автотехники.	ATLANT EXPERT SAE-5W20, API SN/CF High quality, synthetic motor oil designed for modern gasoline and diesel engines (including turbocharged) of cars, vans and light trucks operating in all operating modes. It has high anti-wear, antioxidant properties and guarantees an extended engine life. Provides a longer oil change interval, as well as easy engine start at low temperatures. Use in accordance with the recommendations of the vehicle manufacturer.\r\n	{https://backend.gpggroup.uz//1766140165929-529747112.png}	21	2025-12-19 10:29:25.930084	2025-12-29 10:30:30.449241	{"",""}	{"",""}	{"",""}	{"",""}	{"",""}	{"",""}	{"",""}	{"",""}	{""}
63	Atl 5w40 SN 4L	Atl 5w40 SN 4L	ATLANT EXPERT SAE-5W40, API SN/CF Высококачественное, синтетическое моторное масло предназначено для современных бензиновых и дизельных двигателей (в том числе с турбонаддувом) легковых автомобилей, микроавтобусов и легких грузовиков, работающих во всех режимах эксплуатации. Обладает высокими, противоизносными, антиокислительными свойствами и гарантирует увеличенный ресурс двигателя. Обеспечивает более длительный интервал замены масла, а так же легкий запуск двигателя при низких температурах. Применять в соответствии с рекомендациями производителя автотехники.	ATLANT EXPERT SAE-5W40, API SN/CF High quality, synthetic motor oil designed for modern gasoline and diesel engines (including turbocharged) of cars, vans and light trucks operating in all operating modes. It has high anti-wear, antioxidant properties and guarantees an extended engine life. Provides a longer oil change interval, as well as easy engine start at low temperatures. Use in accordance with the recommendations of the vehicle manufacturer.	{https://backend.gpggroup.uz//1766140701387-266668717.webp,https://backend.gpggroup.uz//1766140701387-873446762.webp}	21	2025-12-19 10:38:21.387827	2025-12-29 10:37:26.985504	{230,"АСТМ Д 92"}	{"– 41","АСТМ Д 97"}	{"8,85","АСТМ Д 2896"}	{5W-40,"САЕ J300"}	{"0,855","АСТМ Д 1298"}	{125,"АСТМ Д 445"}	{"5,6","АСТМ Д 445"}	{132,"АСТМ Д 2270"}	{"API SN/CF","ACEA A3/B4","ILSAC GF-5","VW 502.00/505.00","MB 226.5","GM dexos 2"}
65	Atl 20w50 SG 4L	Atl 20w50 SG 4L	ATLANT EXPERT SAE-20W50, API SG/CD Высокоэффективное, всесезонное, минеральное моторное масло. Рекомендуется для применения во всех видах бензиновых и дизельных двигателей легковых автомобилей, микроавтобусов, легких грузовиков, а также для газовых двигателей (LPG). Имеет стабильный индекс вязкости. Обеспечивает низкий расход на угар, практически не испаряется, и предотвращает образований шламовых отложений. Применять в соответствии с рекомендациями производителя автотехники.	ATLANT EXPERT SAE-20W50, API SG/CD High-performance, multigrade, mineral engine oil. It is recommended for use in all types of gasoline and diesel engines of cars, vans, light trucks, as well as for gas engines (LPG). Provides low consumption of waste, practical does not evaporate, protects the engine from wear and prevents the formation of sludge deposits. Use in accordance with the recommendations of the vehicle manufacturer.	{https://backend.gpggroup.uz//1766141440526-172425346.webp,https://backend.gpggroup.uz//1766141440527-775424353.webp}	21	2025-12-19 10:50:40.527608	2025-12-29 11:16:51.914533	{228,"АСТМ Д 92"}	{"– 31","АСТМ Д 97"}	{"5,35","АСТМ Д 2896"}	{20W-50,"САЕ J300"}	{"0,880","АСТМ Д 1298"}	{158,"АСТМ Д 445"}	{"19,1","АСТМ Д 445"}	{138,"АСТМ Д 2270"}	{"API SG/CD","ACEA A2/B2","VW 502.00/505.00","MB 226.5"}
67	Atl 15w40 SJ 4L	Atl 15w40 SJ 4L	ATLANT EXPERT SAE-15W40, API SJ/CF Высокоэффективное, всесезонное, минеральное моторное масло. Рекомендуется для применения во всех видах бензиновых и дизельных двигателей легковых автомобилей, микроавтобусов, легких грузовиков, а также для газовых двигателей (LPG). Имеет стабильный индекс вязкости. Обеспечивает низкий расход на угар, практически не испаряется, и предотвращает образований шламовых отложений. Применять в соответствии с рекомендациями производителя автотехники	ATLANT EXPERT SAE-15W40, API SJ/CF High-performance, multigrade, mineral engine oil. It is recommended for use in all types of gasoline and diesel engines of cars, vans, light trucks, as well as for gas engines (LPG). Provides low consumption of waste, practical does not evaporate, protects the engine from wear and prevents the formation of sludge deposits. Use in accordance with the recommendations of the vehicle manufacturer.	{https://backend.gpggroup.uz//1766141609674-379384576.webp,https://backend.gpggroup.uz//1766141609674-874528164.webp}	21	2025-12-19 10:53:29.674992	2025-12-29 11:31:22.444164	{230,"АСТМ Д 92"}	{"– 30","АСТМ Д 97"}	{"7,9","АСТМ Д 2896"}	{15W-40,"САЕ J300"}	{"0,88","АСТМ Д 1298"}	{"107,8","АСТМ Д 445"}	{"14,22","АСТМ Д 445"}	{135,"АСТМ Д 2270"}	{"X-TREME GJ3000","SAE 15W-40","API SJ/CF"}
69	Atl 10w40 SJ 4L	Atl 10w40 SJ 4L	ATLANT EXPERT SAE-10W40, API SJ/CF Высококачественное, всесезонное полусинтетическое моторное масло. Рекомендуется для применения во всех видах бензиновых и дизельных (как с турбонаддувом, так и без) двигателей легковых автомобилей, микроавтобусов, легких грузовиков, а так же газовых двигателей (LPG). Эффективно защищает двигатель от износа. Обеспечивает легкий запуск двигателя при низких температурах. Создает на деталях защитную пленку и уменьшает потери на трение. Применять в соответствии с рекомендациями производителя автотехники.	ATLANT EXPERT SAE-10W40, API SJ/CF High-quality, multigrade semi-synthetic motor oil. It is recommended for use in all types of gasoline and diesel (both turbocharged and without) engines of cars, vans, light trucks, as well as gas engines (LPG). Effectively protects the engine from wear and prevents the formation of sludge deposits. Provides easy engine start at low temperatures, and has a stable viscosity index and excellent fluidity, creates a protective film on the parts and reduces friction losses saving fuel. Use in accordance with the recommendations of the vehicle manufacturer.\r\n	{https://backend.gpggroup.uz//1766141753197-302234398.webp,https://backend.gpggroup.uz//1766141753197-695331.webp}	21	2025-12-19 10:55:53.198145	2025-12-29 11:43:32.709876	{225,"АСТМ Д 92"}	{"– 38","АСТМ Д 97"}	{"7,55","АСТМ Д 2896"}	{10W-40,"САЕ J300"}	{"0,858","АСТМ Д 1298"}	{129,"АСТМ Д 445"}	{"15,4","АСТМ Д 445"}	{124,"АСТМ Д 2270"}	{"[\\"API SJ/CF\\", \\"ACEA A3/B3\\", \\"VW 502.00/505.00\\", \\"MB 226.5\\""}
7	WINNER Green 5kg	WINNER Green 5kg	Жидкость охлаждающая низкозамерзающая. Разработан для использования в системе охлаждения автомобилей с бензиновым и дизельным двигателем, отечественного и зарубежного производства, работающих при низких и высоких температурах. Изготовлен на основе моноэтиленгликоля высшего сорта с применением новейшего пакета антивспениваемых, антикоррозионных и других присадок. Надежно защищает детали системы охлаждения, сделанные из алюминия и других металлов, от коррозии и других неблагоприятных воздействий. Эффективное смазывающее свойство дает возможность, увеличить ресурс работы двигателя, помпы, радиатора и термостата. Применять в соответствии с инструкцией по эксплуатации автомобиля и теплообменных агрегатов. Не содержит аминов и нитритов. Рабочий диапазон температур в охлаждающей системе от -40°С до +130°С.\r\n	Low freezing cooling liquid. Applied in accordance with instructions for use of the vehicle and heat exchange units. Operating temperature in the cooling system from -40°C to +130°C. Composition: aqueous solution of ethylene glycol, the original additives, food coloring. Store in a location protected from direct sunlight and precipitation.	{https://backend.gpggroup.uz//1765948347449-17066817.webp,https://backend.gpggroup.uz//1765948347450-944614119.webp,https://backend.gpggroup.uz//1765948347450-896284827.webp}	10	2025-12-17 05:12:27.453162	2025-12-17 05:12:27.453162	\N	\N	\N	\N	\N	\N	\N	\N	\N
70	Atl 15w40 SG 4L	Atl 15w40 SG 4L	ATLANT EXPERT SAE-15W40, API SG/CD Высокоэффективное, всесезонное, минеральное моторное масло. Рекомендуется для применения во всех видах бензиновых и дизельных двигателей легковых автомобилей, микроавтобусов, легких грузовиков, а также для газовых двигателей (LPG). Имеет стабильный индекс вязкости. Обеспечивает низкий расход на угар, практически не испаряется, и предотвращает образований шламовых отложений. Применять в соответствии с рекомендациями производителя автотехники.	ATLANT EXPERT SAE-15W40, API SG/CD High-performance, multigrade, mineral engine oil. It is recommended for use in all types of gasoline and diesel engines of cars, vans, light trucks, as well as for gas engines (LPG). Provides low consumption of waste, practical does not evaporate, protects the engine from wear and prevents the formation of sludge deposits. Use in accordance with the recommendations of the vehicle manufacturer\r\n	{https://backend.gpggroup.uz//1766141841843-461732545.webp,https://backend.gpggroup.uz//1766141841843-359960671.webp,https://backend.gpggroup.uz//1766141841843-471529165.webp}	21	2025-12-19 10:57:21.843971	2025-12-29 11:54:06.446555	{230,"АСТМ Д 92"}	{"– 30","АСТМ Д 97"}	{"8,1","АСТМ Д 2896"}	{15W-40,"САЕ J300"}	{"0,875","АСТМ Д 1298"}	{"107,52","АСТМ Д 445"}	{"14 216","АСТМ Д 445"}	{135,"АСТМ Д 2270"}	{"API SG/CD","ACEA A2/B2","VW 502.00/505.00","MB 226.5"}
\.


--
-- Data for Name: users; Type: TABLE DATA; Schema: public; Owner: myuser
--

COPY public.users (id, login, password, name, email, role, "createdAt", "updatedAt") FROM stdin;
6	superadmin	$2b$10$6Ms4NToNPf0YSNg4KG6Eb.Co1cEfpTiXA/KpVvoP1ktvjw6jOk7ca	Super Admin	\N	superAdmin	2025-12-12 17:19:25.732311	2025-12-12 17:19:25.732311
7	admin	$2b$10$qJpBO445ql2hsOp8kiWdPOXbz2O37D8muJK/UbFTE7JV/B1bHtZ0e	\N	\N	admin	2025-12-13 09:18:48.755893	2025-12-13 09:18:48.755893
\.


--
-- Name: brands_id_seq; Type: SEQUENCE SET; Schema: public; Owner: myuser
--

SELECT pg_catalog.setval('public.brands_id_seq', 25, true);


--
-- Name: categories_id_seq; Type: SEQUENCE SET; Schema: public; Owner: myuser
--

SELECT pg_catalog.setval('public.categories_id_seq', 14, true);


--
-- Name: products_id_seq; Type: SEQUENCE SET; Schema: public; Owner: myuser
--

SELECT pg_catalog.setval('public.products_id_seq', 83, true);


--
-- Name: users_id_seq; Type: SEQUENCE SET; Schema: public; Owner: myuser
--

SELECT pg_catalog.setval('public.users_id_seq', 7, true);


--
-- Name: products PK_0806c755e0aca124e67c0cf6d7d; Type: CONSTRAINT; Schema: public; Owner: myuser
--

ALTER TABLE ONLY public.products
    ADD CONSTRAINT "PK_0806c755e0aca124e67c0cf6d7d" PRIMARY KEY (id);


--
-- Name: categories PK_24dbc6126a28ff948da33e97d3b; Type: CONSTRAINT; Schema: public; Owner: myuser
--

ALTER TABLE ONLY public.categories
    ADD CONSTRAINT "PK_24dbc6126a28ff948da33e97d3b" PRIMARY KEY (id);


--
-- Name: users PK_a3ffb1c0c8416b9fc6f907b7433; Type: CONSTRAINT; Schema: public; Owner: myuser
--

ALTER TABLE ONLY public.users
    ADD CONSTRAINT "PK_a3ffb1c0c8416b9fc6f907b7433" PRIMARY KEY (id);


--
-- Name: brands PK_b0c437120b624da1034a81fc561; Type: CONSTRAINT; Schema: public; Owner: myuser
--

ALTER TABLE ONLY public.brands
    ADD CONSTRAINT "PK_b0c437120b624da1034a81fc561" PRIMARY KEY (id);


--
-- Name: users UQ_2d443082eccd5198f95f2a36e2c; Type: CONSTRAINT; Schema: public; Owner: myuser
--

ALTER TABLE ONLY public.users
    ADD CONSTRAINT "UQ_2d443082eccd5198f95f2a36e2c" UNIQUE (login);


--
-- Name: categories UQ_579ae7fb7978251f79899b4783c; Type: CONSTRAINT; Schema: public; Owner: myuser
--

ALTER TABLE ONLY public.categories
    ADD CONSTRAINT "UQ_579ae7fb7978251f79899b4783c" UNIQUE ("nameRu");


--
-- Name: products UQ_6fa3c5992c867e33b7990370d00; Type: CONSTRAINT; Schema: public; Owner: myuser
--

ALTER TABLE ONLY public.products
    ADD CONSTRAINT "UQ_6fa3c5992c867e33b7990370d00" UNIQUE ("nameRu", "brandId");


--
-- Name: brands FK_b209d7ccd90ae0ca1605794a0d5; Type: FK CONSTRAINT; Schema: public; Owner: myuser
--

ALTER TABLE ONLY public.brands
    ADD CONSTRAINT "FK_b209d7ccd90ae0ca1605794a0d5" FOREIGN KEY ("categoryId") REFERENCES public.categories(id) ON DELETE RESTRICT;


--
-- Name: products FK_ea86d0c514c4ecbb5694cbf57df; Type: FK CONSTRAINT; Schema: public; Owner: myuser
--

ALTER TABLE ONLY public.products
    ADD CONSTRAINT "FK_ea86d0c514c4ecbb5694cbf57df" FOREIGN KEY ("brandId") REFERENCES public.brands(id) ON DELETE RESTRICT;


--
-- PostgreSQL database dump complete
--

\unrestrict HInITxhlmhmwhCcK0P1xZgWfaQW9YR4dUpoHP0IKHhkYElQoztjCN0SkU9au4cB

